,Temperatura,Humedad
2025-01-26 20:26:21, 1.00, 1.00
2025-01-26 20:27:13, 1.00, 11.00
2025-01-26 20:27:23, 1.00, 11.00
2025-01-26 20:28:23, 22.86, 34.37
2025-01-26 20:31:23, 22.94, 34.55
2025-01-26 20:34:23, 23.07, 34.61
2025-01-26 20:39:12, 1.00, 21.00
2025-01-26 20:39:47, 1.00, 23.00
2025-01-26 20:44:59, 23.80, 33.83
2025-01-26 20:47:59, 24.00, 33.66
2025-01-26 20:50:59, 24.10, 33.47
2025-01-26 20:53:59, 24.25, 33.38
2025-01-26 20:56:59, 24.36, 33.29
2025-01-26 20:59:59, 24.42, 33.23
2025-01-26 21:05:59, 24.57, 33.25
2025-01-26 21:08:59, 24.63, 33.21
2025-01-26 21:11:59, 24.67, 33.20
2025-01-26 21:14:59, 24.69, 33.20
2025-01-26 21:17:59, 24.73, 33.22
2025-01-26 21:20:59, 24.73, 33.30
2025-01-26 21:23:59, 24.77, 33.36
2025-01-26 21:26:59, 24.81, 33.43
2025-01-26 21:29:59, 24.81, 33.54
2025-01-26 21:32:59, 24.87, 33.53
2025-01-26 21:35:59, 24.90, 33.47
2025-01-26 21:38:59, 24.91, 33.77
2025-01-26 21:41:59, 24.92, 33.59
2025-01-26 22:29:59, 24.02, 29.95
2025-01-26 22:32:59, 24.05, 29.98
2025-01-26 22:35:59, 24.02, 30.04
2025-01-26 22:38:59, 24.05, 30.03
2025-01-26 22:41:59, 24.04, 30.03
2025-01-26 22:44:59, 24.02, 29.99
2025-01-26 22:47:59, 24.00, 29.99
2025-01-26 22:50:59, 23.98, 30.00
2025-01-26 22:53:59, 23.91, 30.08
2025-01-26 22:56:59, 23.91, 30.04
2025-01-26 22:59:59, 23.87, 30.11
2025-01-26 23:02:59, 23.83, 30.11
2025-01-26 23:05:59, 23.77, 30.19
2025-01-26 23:08:59, 23.73, 30.23
2025-01-26 23:11:59, 23.70, 30.30
2025-01-26 23:14:59, 23.69, 30.29
2025-01-26 23:17:59, 23.67, 30.31
2025-01-26 23:20:59, 23.66, 30.34
2025-01-26 23:23:59, 23.63, 30.41
2025-01-26 23:26:59, 23.56, 30.44
2025-01-26 23:29:59, 23.53, 30.51
2025-01-26 23:32:59, 23.50, 30.48
2025-01-26 23:35:59, 23.50, 30.56
2025-01-26 23:38:59, 23.49, 30.59
2025-01-26 23:41:59, 23.43, 30.62
2025-01-26 23:44:59, 23.41, 30.71
2025-01-26 23:47:59, 23.39, 30.68
2025-01-26 23:50:59, 23.37, 30.71
2025-01-26 23:53:59, 23.35, 30.78
2025-01-26 23:56:59, 23.32, 30.77
2025-01-26 23:59:59, 23.32, 30.82
2025-01-27 00:02:59, 23.31, 30.73
2025-01-27 00:05:59, 23.28, 30.76
2025-01-27 00:08:59, 23.26, 30.78
2025-01-27 00:11:59, 23.22, 30.79
2025-01-27 00:14:59, 23.22, 30.83
2025-01-27 00:17:59, 23.22, 30.80
2025-01-27 00:20:59, 23.18, 30.78
2025-01-27 00:23:59, 23.18, 30.75
2025-01-27 00:26:59, 23.16, 30.84
2025-01-27 00:29:59, 23.14, 30.88
2025-01-27 00:32:59, 23.12, 30.89
2025-01-27 00:35:59, 23.08, 30.95
2025-01-27 00:38:59, 23.07, 30.93
2025-01-27 00:41:59, 23.05, 30.94
2025-01-27 00:44:59, 23.04, 30.93
2025-01-27 00:47:59, 23.01, 30.93
2025-01-27 00:50:59, 22.98, 30.93
2025-01-27 00:53:59, 23.00, 31.00
2025-01-27 00:56:59, 22.98, 30.97
2025-01-27 00:59:59, 22.96, 31.01
2025-01-27 01:02:59, 22.96, 31.07
2025-01-27 01:05:59, 22.96, 31.18
2025-01-27 01:08:59, 22.93, 31.22
2025-01-27 01:11:59, 22.90, 31.34
2025-01-27 01:14:59, 22.87, 31.41
2025-01-27 01:17:59, 22.87, 31.47
2025-01-27 01:20:59, 22.86, 31.51
2025-01-27 01:23:59, 22.87, 31.55
2025-01-27 01:26:59, 22.83, 31.66
2025-01-27 01:29:59, 22.81, 31.71
2025-01-27 01:32:59, 22.81, 31.77
2025-01-27 01:35:59, 22.83, 31.80
2025-01-27 01:38:59, 22.83, 31.77
2025-01-27 01:41:59, 22.80, 31.84
2025-01-27 01:44:59, 22.77, 31.85
2025-01-27 01:47:59, 22.79, 31.88
2025-01-27 01:50:59, 22.77, 31.85
2025-01-27 01:53:59, 22.74, 31.83
2025-01-27 01:56:59, 22.73, 31.80
2025-01-27 01:59:59, 22.70, 31.83
2025-01-27 02:02:59, 22.70, 31.82
2025-01-27 02:05:59, 22.69, 31.86
2025-01-27 02:08:59, 22.67, 31.90
2025-01-27 02:11:59, 22.63, 31.88
2025-01-27 02:14:59, 22.66, 31.88
2025-01-27 02:17:59, 22.64, 31.91
2025-01-27 02:20:59, 22.63, 31.87
2025-01-27 02:23:59, 22.60, 31.95
2025-01-27 02:26:59, 22.59, 31.95
2025-01-27 02:29:59, 22.59, 31.88
2025-01-27 02:32:59, 22.59, 31.88
2025-01-27 02:35:59, 22.57, 31.80
2025-01-27 02:38:59, 22.57, 31.83
2025-01-27 02:41:59, 22.57, 31.83
2025-01-27 02:44:59, 22.55, 31.82
2025-01-27 02:47:59, 22.55, 31.83
2025-01-27 02:50:59, 22.56, 31.86
2025-01-27 02:53:59, 22.56, 31.86
2025-01-27 02:56:59, 22.55, 31.90
2025-01-27 02:59:59, 22.55, 31.87
2025-01-27 03:02:59, 22.51, 31.93
2025-01-27 03:05:59, 22.52, 31.88
2025-01-27 03:08:59, 22.52, 31.93
2025-01-27 03:11:59, 22.52, 31.96
2025-01-27 03:14:59, 22.52, 31.90
2025-01-27 03:17:59, 22.53, 31.93
2025-01-27 03:20:59, 22.53, 31.87
2025-01-27 03:23:59, 22.55, 31.92
2025-01-27 03:26:59, 22.53, 31.89
2025-01-27 03:29:59, 22.56, 31.92
2025-01-27 03:32:59, 22.56, 31.89
2025-01-27 03:35:59, 22.55, 31.89
2025-01-27 03:38:59, 22.56, 31.90
2025-01-27 03:41:59, 22.53, 31.94
2025-01-27 03:44:59, 22.53, 31.90
2025-01-27 03:47:59, 22.52, 31.91
2025-01-27 03:50:59, 22.53, 31.89
2025-01-27 03:53:59, 22.52, 31.91
2025-01-27 03:56:59, 22.53, 31.87
2025-01-27 03:59:59, 22.49, 31.90
2025-01-27 04:02:59, 22.51, 31.90
2025-01-27 04:05:58, 22.48, 31.90
2025-01-27 04:08:58, 22.49, 31.92
2025-01-27 04:11:58, 22.48, 31.94
2025-01-27 04:14:58, 22.45, 31.95
2025-01-27 04:17:58, 22.48, 31.96
2025-01-27 04:20:58, 22.49, 31.97
2025-01-27 04:23:58, 22.46, 31.98
2025-01-27 04:26:58, 22.46, 31.98
2025-01-27 04:29:58, 22.48, 32.01
2025-01-27 04:32:58, 22.45, 31.99
2025-01-27 04:35:58, 22.45, 32.09
2025-01-27 04:38:58, 22.45, 32.07
2025-01-27 04:41:59, 22.45, 32.09
2025-01-27 04:44:59, 22.46, 32.09
2025-01-27 04:47:59, 22.45, 32.13
2025-01-27 04:50:59, 22.44, 32.18
2025-01-27 04:53:59, 22.45, 32.25
2025-01-27 04:56:59, 22.45, 32.25
2025-01-27 04:59:59, 22.45, 32.24
2025-01-27 05:02:59, 22.42, 32.26
2025-01-27 05:05:59, 22.45, 32.23
2025-01-27 05:08:59, 22.45, 32.33
2025-01-27 05:11:59, 22.44, 32.36
2025-01-27 05:14:59, 22.42, 32.37
2025-01-27 05:17:59, 22.48, 32.38
2025-01-27 05:20:59, 22.45, 32.42
2025-01-27 05:23:59, 22.42, 32.47
2025-01-27 05:26:59, 22.44, 32.51
2025-01-27 05:29:59, 22.45, 32.54
2025-01-27 05:32:59, 22.46, 32.53
2025-01-27 05:35:59, 22.44, 32.56
2025-01-27 05:38:59, 22.44, 32.56
2025-01-27 05:41:59, 22.42, 32.47
2025-01-27 05:44:59, 22.42, 32.53
2025-01-27 05:47:59, 22.42, 32.60
2025-01-27 05:50:59, 22.42, 32.60
2025-01-27 05:53:59, 22.41, 32.67
2025-01-27 05:56:59, 22.42, 32.66
2025-01-27 05:59:59, 22.42, 32.63
2025-01-27 06:02:59, 22.41, 32.64
2025-01-27 06:05:59, 22.39, 32.61
2025-01-27 06:08:59, 22.42, 32.62
2025-01-27 06:11:59, 22.42, 32.58
2025-01-27 06:14:59, 22.42, 32.59
2025-01-27 06:17:59, 22.42, 32.61
2025-01-27 06:20:59, 22.44, 32.57
2025-01-27 06:23:59, 22.38, 32.69
2025-01-27 06:26:59, 22.39, 32.74
2025-01-27 06:29:59, 22.39, 32.74
2025-01-27 06:32:59, 22.39, 32.78
2025-01-27 06:35:59, 22.34, 32.81
2025-01-27 06:38:59, 22.36, 32.80
2025-01-27 06:41:59, 22.39, 32.78
2025-01-27 06:44:59, 22.35, 32.78
2025-01-27 06:47:59, 22.38, 32.82
2025-01-27 06:50:59, 22.35, 32.90
2025-01-27 06:53:59, 22.38, 32.93
2025-01-27 06:56:59, 22.36, 32.98
2025-01-27 06:59:59, 22.36, 32.93
2025-01-27 07:02:59, 22.36, 33.00
2025-01-27 07:05:59, 22.34, 33.07
2025-01-27 07:08:59, 22.36, 33.11
2025-01-27 07:11:59, 22.36, 33.11
2025-01-27 07:14:59, 22.35, 33.11
2025-01-27 07:17:59, 22.34, 33.10
2025-01-27 07:20:59, 22.35, 33.18
2025-01-27 07:23:59, 22.36, 33.18
2025-01-27 07:26:59, 22.36, 33.26
2025-01-27 07:29:59, 22.35, 33.32
2025-01-27 07:32:59, 22.32, 33.40
2025-01-27 07:35:59, 22.32, 33.47
2025-01-27 07:38:59, 22.34, 33.51
2025-01-27 07:41:59, 22.32, 33.59
2025-01-27 07:44:59, 22.32, 33.64
2025-01-27 07:47:59, 22.32, 33.77
2025-01-27 07:50:59, 22.31, 33.84
2025-01-27 07:53:59, 22.31, 33.91
2025-01-27 07:56:59, 22.31, 34.03
2025-01-27 07:59:59, 22.31, 34.07
2025-01-27 08:02:59, 22.32, 34.04
2025-01-27 08:05:59, 22.29, 34.16
2025-01-27 08:08:59, 22.32, 34.18
2025-01-27 08:11:59, 22.34, 34.16
2025-01-27 08:14:59, 22.31, 34.16
2025-01-27 08:17:59, 22.31, 34.23
2025-01-27 08:20:59, 22.28, 34.30
2025-01-27 08:23:59, 22.27, 34.25
2025-01-27 08:26:59, 22.27, 34.17
2025-01-27 08:29:59, 22.22, 34.18
2025-01-27 08:32:59, 22.24, 34.13
2025-01-27 08:35:59, 22.18, 34.07
2025-01-27 08:38:59, 22.15, 34.11
2025-01-27 08:41:59, 22.17, 34.10
2025-01-27 08:44:59, 22.14, 34.24
2025-01-27 08:47:59, 22.08, 35.78
2025-01-27 08:50:59, 22.05, 36.28
2025-01-27 08:53:59, 22.01, 35.97
2025-01-27 08:56:59, 21.94, 36.79
2025-01-27 08:59:59, 21.89, 35.89
2025-01-27 09:02:59, 21.80, 35.93
2025-01-27 09:05:59, 21.80, 35.61
2025-01-27 09:08:59, 21.76, 35.33
2025-01-27 09:11:59, 21.77, 35.51
2025-01-27 09:14:59, 21.69, 35.11
2025-01-27 09:17:59, 21.67, 34.81
2025-01-27 09:20:59, 21.67, 34.72
2025-01-27 09:23:59, 21.66, 34.78
2025-01-27 09:26:59, 21.63, 34.59
2025-01-27 09:29:59, 21.63, 34.87
2025-01-27 09:32:59, 21.62, 34.54
2025-01-27 09:35:59, 21.66, 34.53
2025-01-27 09:38:59, 21.67, 34.75
2025-01-27 09:41:59, 21.66, 34.22
2025-01-27 09:44:59, 21.66, 34.44
2025-01-27 09:47:59, 21.69, 33.81
2025-01-27 09:50:59, 21.63, 34.09
2025-01-27 09:53:59, 21.65, 33.74
2025-01-27 09:56:59, 21.67, 33.95
2025-01-27 09:59:59, 21.72, 33.67
2025-01-27 10:02:59, 21.74, 33.32
2025-01-27 10:05:59, 21.73, 33.09
2025-01-27 10:08:59, 21.73, 33.00
2025-01-27 10:11:59, 21.70, 32.86
2025-01-27 10:14:59, 21.73, 33.16
2025-01-27 10:17:59, 21.80, 33.35
2025-01-27 10:20:59, 21.83, 33.17
2025-01-27 10:23:59, 21.87, 33.60
2025-01-27 10:26:59, 21.87, 33.63
2025-01-27 10:29:59, 21.91, 33.43
2025-01-27 10:32:59, 21.96, 33.37
2025-01-27 10:35:59, 21.97, 33.88
2025-01-27 10:38:59, 22.02, 33.62
2025-01-27 10:41:59, 22.08, 33.41
2025-01-27 10:44:59, 22.10, 33.00
2025-01-27 10:47:59, 22.07, 32.69
2025-01-27 10:50:59, 22.08, 32.38
2025-01-27 10:53:59, 22.10, 32.73
2025-01-27 10:56:59, 22.14, 32.82
2025-01-27 10:59:59, 22.14, 33.11
2025-01-27 11:02:59, 22.19, 33.13
2025-01-27 11:05:59, 22.22, 33.19
2025-01-27 11:08:59, 22.24, 33.09
2025-01-27 11:11:59, 22.22, 32.96
2025-01-27 11:14:59, 22.27, 33.44
2025-01-27 11:17:59, 22.27, 33.16
2025-01-27 11:20:59, 22.29, 33.38
2025-01-27 11:23:59, 22.31, 33.49
2025-01-27 11:26:59, 22.31, 33.02
2025-01-27 11:29:59, 22.32, 33.02
2025-01-27 11:32:59, 22.35, 32.77
2025-01-27 11:35:59, 22.35, 32.45
2025-01-27 11:38:59, 22.32, 32.64
2025-01-27 11:41:59, 22.32, 32.30
2025-01-27 11:44:59, 22.41, 32.73
2025-01-27 11:47:59, 22.44, 32.50
2025-01-27 11:50:59, 22.44, 32.27
2025-01-27 11:53:59, 22.49, 32.76
2025-01-27 11:56:59, 22.46, 32.49
2025-01-27 11:59:59, 22.52, 32.51
2025-01-27 12:02:59, 22.51, 32.46
2025-01-27 12:05:59, 22.53, 32.47
2025-01-27 12:08:59, 22.55, 32.50
2025-01-27 12:11:59, 22.53, 32.50
2025-01-27 12:14:59, 22.53, 32.60
2025-01-27 12:17:59, 22.57, 32.38
2025-01-27 12:20:59, 22.63, 32.46
2025-01-27 12:23:59, 22.60, 32.29
2025-01-27 12:26:59, 22.60, 31.55
2025-01-27 12:29:59, 22.59, 32.02
2025-01-27 12:32:59, 22.62, 31.82
2025-01-27 12:35:59, 22.62, 31.89
2025-01-27 12:38:59, 22.63, 31.70
2025-01-27 12:41:59, 22.66, 31.42
2025-01-27 12:44:59, 22.66, 31.23
2025-01-27 12:48:00, 22.64, 30.49
2025-01-27 12:51:00, 22.63, 30.42
2025-01-27 12:54:00, 22.63, 29.91
2025-01-27 12:57:00, 22.64, 29.90
2025-01-27 13:00:00, 22.64, 30.29
2025-01-27 13:03:00, 22.64, 30.03
2025-01-27 13:06:00, 22.66, 29.97
2025-01-27 13:09:00, 22.64, 29.93
2025-01-27 13:11:59, 22.60, 29.82
2025-01-27 13:14:59, 22.60, 29.55
2025-01-27 13:17:59, 22.60, 29.53
2025-01-27 13:20:59, 22.62, 29.11
2025-01-27 13:23:59, 22.62, 29.03
2025-01-27 13:26:59, 22.63, 29.43
2025-01-27 13:29:59, 22.60, 29.08
2025-01-27 13:32:59, 22.62, 28.98
2025-01-27 13:35:59, 22.60, 28.56
2025-01-27 13:38:59, 22.59, 28.85
2025-01-27 13:41:59, 22.60, 28.72
2025-01-27 13:44:59, 22.59, 28.16
2025-01-27 13:47:59, 22.56, 27.75
2025-01-27 13:50:59, 22.59, 27.46
2025-01-27 13:53:59, 22.60, 27.49
2025-01-27 13:56:59, 22.60, 27.62
2025-01-27 13:59:59, 22.60, 27.26
2025-01-27 14:02:59, 22.63, 27.45
2025-01-27 14:05:59, 22.64, 27.79
2025-01-27 14:08:59, 22.66, 27.85
2025-01-27 14:11:59, 22.69, 27.95
2025-01-27 14:14:59, 22.67, 27.37
2025-01-27 14:17:59, 22.69, 27.48
2025-01-27 14:20:59, 22.69, 27.30
2025-01-27 14:23:59, 22.70, 27.23
2025-01-27 14:26:59, 22.73, 26.33
2025-01-27 14:29:59, 22.76, 26.28
2025-01-27 14:32:59, 22.77, 26.75
2025-01-27 14:35:59, 22.76, 26.28
2025-01-27 14:38:59, 22.81, 26.44
2025-01-27 14:41:59, 22.81, 26.06
2025-01-27 14:44:59, 22.87, 26.33
2025-01-27 14:47:59, 22.88, 25.79
2025-01-27 14:50:59, 22.90, 26.40
2025-01-27 14:53:59, 22.91, 26.24
2025-01-27 14:56:59, 22.94, 26.31
2025-01-27 14:59:59, 22.96, 26.51
2025-01-27 15:02:59, 23.00, 26.48
2025-01-27 15:05:59, 22.98, 26.51
2025-01-27 15:08:59, 22.98, 26.56
2025-01-27 15:11:59, 23.01, 26.71
2025-01-27 15:14:59, 22.98, 26.57
2025-01-27 15:17:59, 23.01, 26.58
2025-01-27 15:20:59, 23.04, 26.54
2025-01-27 15:23:59, 23.03, 26.74
2025-01-27 15:26:59, 23.05, 26.80
2025-01-27 15:29:59, 23.11, 26.83
2025-01-27 15:32:59, 23.14, 26.73
2025-01-27 15:35:59, 23.16, 26.73
2025-01-27 15:38:59, 23.16, 26.70
2025-01-27 15:41:59, 23.19, 26.48
2025-01-27 15:44:59, 23.24, 26.55
2025-01-27 15:47:59, 23.25, 26.58
2025-01-27 15:50:59, 23.29, 26.56
2025-01-27 15:53:59, 23.31, 26.49
2025-01-27 15:56:59, 23.35, 26.49
2025-01-27 15:59:59, 23.38, 26.42
2025-01-27 16:02:59, 23.42, 26.42
2025-01-27 16:05:59, 23.43, 26.21
2025-01-27 16:08:59, 23.45, 26.32
2025-01-27 16:11:59, 23.46, 26.37
2025-01-27 16:14:59, 23.48, 26.45
2025-01-27 16:17:59, 23.48, 26.49
2025-01-27 16:20:59, 23.48, 26.55
2025-01-27 16:23:59, 23.46, 26.54
2025-01-27 16:26:59, 23.43, 26.61
2025-01-27 16:29:59, 23.45, 26.64
2025-01-27 16:32:59, 23.42, 26.70
2025-01-27 16:35:59, 23.38, 26.59
2025-01-27 16:38:59, 23.35, 26.82
2025-01-27 16:41:59, 23.35, 26.84
2025-01-27 16:44:59, 23.33, 26.66
2025-01-27 16:47:59, 23.33, 26.82
2025-01-27 16:50:59, 23.29, 26.81
2025-01-27 16:53:59, 23.31, 26.91
2025-01-27 16:56:59, 23.31, 26.95
2025-01-27 16:59:59, 23.26, 26.99
2025-01-27 17:02:59, 23.26, 27.12
2025-01-27 17:05:59, 23.24, 27.21
2025-01-27 17:08:59, 23.24, 27.34
2025-01-27 17:11:59, 23.22, 27.39
2025-01-27 17:14:59, 23.16, 27.39
2025-01-27 17:17:59, 23.16, 27.49
2025-01-27 17:20:59, 23.18, 27.45
2025-01-27 17:23:59, 23.18, 27.50
2025-01-27 17:26:59, 23.15, 27.56
2025-01-27 17:29:59, 23.14, 27.68
2025-01-27 17:32:59, 23.14, 27.71
2025-01-27 17:35:59, 23.14, 27.72
2025-01-27 17:38:59, 23.12, 27.69
2025-01-27 17:41:59, 23.10, 27.77
2025-01-27 17:44:59, 23.08, 27.87
2025-01-27 17:47:59, 23.05, 27.92
2025-01-27 17:50:59, 23.05, 27.92
2025-01-27 17:53:59, 23.07, 27.92
2025-01-27 17:56:59, 23.08, 27.86
2025-01-27 17:59:59, 23.08, 27.74
2025-01-27 18:02:59, 23.05, 27.76
2025-01-27 18:05:59, 23.04, 27.77
2025-01-27 18:08:59, 23.07, 27.80
2025-01-27 18:11:59, 23.04, 27.92
2025-01-27 18:14:59, 23.01, 27.97
2025-01-27 18:17:59, 23.03, 27.94
2025-01-27 18:20:59, 23.04, 28.07
2025-01-27 18:23:59, 23.05, 28.19
2025-01-27 18:26:59, 23.04, 28.35
2025-01-27 18:29:59, 23.00, 28.46
2025-01-27 18:32:59, 22.98, 28.62
2025-01-27 18:35:59, 22.96, 28.77
2025-01-27 18:38:59, 22.93, 28.95
2025-01-27 18:41:59, 22.91, 29.11
2025-01-27 18:44:59, 22.91, 29.25
2025-01-27 18:47:59, 22.91, 29.38
2025-01-27 18:50:59, 22.87, 29.53
2025-01-27 18:53:59, 22.86, 29.54
2025-01-27 18:56:59, 22.90, 29.64
2025-01-27 18:59:59, 22.87, 29.69
2025-01-27 19:02:59, 22.88, 29.67
2025-01-27 19:05:59, 22.87, 29.64
2025-01-27 19:08:59, 22.86, 29.60
2025-01-27 19:11:59, 22.83, 29.75
2025-01-27 19:14:59, 22.83, 29.80
2025-01-27 19:17:59, 22.84, 29.88
2025-01-27 19:20:59, 22.83, 29.88
2025-01-27 19:23:59, 22.79, 30.16
2025-01-27 19:26:59, 22.76, 30.08
2025-01-27 19:29:59, 22.79, 30.01
2025-01-27 19:32:59, 22.76, 30.60
2025-01-27 19:35:59, 22.76, 30.57
2025-01-27 19:38:59, 22.74, 30.73
2025-01-27 19:41:59, 22.71, 30.79
2025-01-27 19:44:59, 22.73, 31.13
2025-01-27 19:47:59, 22.71, 31.34
2025-01-27 19:50:59, 22.71, 31.67
2025-01-27 19:53:59, 22.73, 31.97
2025-01-27 19:56:59, 22.71, 31.83
2025-01-27 19:59:59, 22.71, 32.02
2025-01-27 20:02:59, 22.74, 32.18
2025-01-27 20:05:59, 22.74, 32.08
2025-01-27 20:08:59, 22.73, 31.99
2025-01-27 20:11:59, 22.74, 32.40
2025-01-27 20:14:59, 22.73, 32.36
2025-01-27 20:17:59, 22.73, 32.45
2025-01-27 20:20:59, 22.74, 32.52
2025-01-27 20:23:59, 22.71, 32.73
2025-01-27 20:26:59, 22.70, 32.94
2025-01-27 20:29:59, 22.67, 32.97
2025-01-27 20:32:59, 22.69, 32.89
2025-01-27 20:35:59, 22.69, 32.94
2025-01-27 20:38:59, 22.71, 33.00
2025-01-27 20:41:59, 22.67, 33.43
2025-01-27 20:44:59, 22.71, 33.53
2025-01-27 20:47:59, 22.74, 33.42
2025-01-27 20:50:59, 22.74, 33.67
2025-01-27 20:54:00, 22.73, 33.83
2025-01-27 20:56:59, 22.73, 33.81
2025-01-27 20:59:59, 22.74, 33.69
2025-01-27 21:02:59, 22.73, 33.23
2025-01-27 21:06:00, 22.74, 32.97
2025-01-27 21:09:00, 22.71, 32.86
2025-01-27 21:11:59, 22.74, 33.15
2025-01-27 21:15:00, 22.74, 33.05
2025-01-27 21:18:00, 22.74, 33.06
2025-01-27 21:21:00, 22.77, 33.09
2025-01-27 21:24:00, 22.79, 32.85
2025-01-27 21:27:00, 22.77, 33.02
2025-01-27 21:30:00, 22.76, 33.44
2025-01-27 21:33:00, 22.80, 33.42
2025-01-27 21:36:00, 22.97, 33.09
2025-01-27 21:39:00, 23.11, 32.69
2025-01-27 21:42:00, 23.15, 32.49
2025-01-27 21:45:00, 23.21, 32.44
2025-01-27 21:48:00, 23.22, 32.40
2025-01-27 21:51:00, 23.28, 32.09
2025-01-27 21:54:00, 23.28, 32.12
2025-01-27 21:57:00, 23.26, 32.30
2025-01-27 22:00:00, 23.29, 32.18
2025-01-27 22:03:00, 23.29, 31.93
2025-01-27 22:06:00, 23.28, 31.91
2025-01-27 22:09:00, 23.29, 31.93
2025-01-27 22:12:00, 23.28, 31.75
2025-01-27 22:15:00, 23.28, 31.92
2025-01-27 22:17:59, 23.24, 32.25
2025-01-27 22:20:59, 23.28, 32.25
2025-01-27 22:23:59, 23.26, 32.15
2025-01-28 08:50:59, 21.65, 38.89
2025-01-28 08:53:59, 21.66, 38.27
2025-01-28 08:56:59, 21.70, 38.14
2025-01-28 08:59:59, 21.73, 38.13
2025-01-28 09:02:59, 21.79, 37.31
2025-01-28 09:05:59, 21.80, 37.65
2025-01-28 09:08:59, 21.84, 36.76
2025-01-28 09:11:59, 21.90, 36.69
2025-01-28 09:14:59, 21.91, 36.85
2025-01-28 09:17:59, 21.96, 36.18
2025-01-28 09:20:59, 21.94, 35.86
2025-01-28 09:23:59, 21.97, 36.13
2025-01-28 09:26:59, 22.00, 36.15
2025-01-28 09:29:59, 21.98, 36.00
2025-01-28 09:32:59, 22.05, 36.10
2025-01-28 09:35:59, 22.04, 36.07
2025-01-28 09:38:59, 22.05, 35.47
2025-01-28 09:41:59, 22.08, 35.46
2025-01-28 09:44:59, 22.12, 34.86
2025-01-28 09:47:59, 22.11, 34.57
2025-01-28 09:50:59, 22.15, 34.70
2025-01-28 09:53:59, 22.17, 34.53
2025-01-28 09:56:59, 22.22, 34.57
2025-01-28 09:59:59, 22.22, 34.26
2025-01-28 10:02:59, 22.27, 34.19
2025-01-28 10:05:59, 22.28, 33.96
2025-01-28 10:08:59, 22.31, 33.43
2025-01-28 10:11:59, 22.36, 33.69
2025-01-28 10:14:59, 22.38, 33.02
2025-01-28 10:17:59, 22.46, 32.80
2025-01-28 10:20:59, 22.48, 32.79
2025-01-28 10:23:59, 22.51, 32.87
2025-01-28 10:26:59, 22.53, 33.13
2025-01-28 10:29:59, 22.57, 33.21
2025-01-28 10:32:59, 22.57, 33.02
2025-01-28 10:35:59, 22.62, 33.31
2025-01-28 10:38:59, 22.64, 33.80
2025-01-28 10:41:59, 22.66, 33.73
2025-01-28 10:44:59, 22.69, 33.89
2025-01-28 20:35:59, 24.02, 36.62
2025-01-28 20:38:59, 24.12, 36.00
2025-01-28 20:41:59, 24.19, 35.89
2025-01-28 20:44:59, 24.22, 36.00
2025-01-28 20:47:59, 24.32, 35.83
2025-01-28 20:50:59, 24.38, 36.32
2025-01-28 20:53:59, 24.46, 35.79
2025-01-28 20:56:59, 24.46, 35.86
2025-01-28 20:59:59, 24.49, 36.17
2025-01-28 21:02:59, 24.49, 36.10
2025-01-28 21:05:59, 24.53, 36.25
2025-01-29 11:27:00, 24.55, 30.41
2025-01-29 11:30:00, 24.52, 30.36
2025-01-29 11:33:00, 24.52, 30.35
2025-01-29 11:36:00, 24.49, 30.32
2025-01-29 11:39:00, 24.48, 30.23
2025-01-29 11:42:00, 24.46, 29.91
2025-01-29 11:45:00, 24.45, 30.08
2025-01-29 11:48:00, 24.40, 30.01
2025-01-29 11:51:00, 24.40, 29.79
2025-01-29 11:54:00, 24.35, 29.63
2025-01-29 11:57:00, 24.35, 29.55
2025-01-29 12:00:00, 24.36, 29.45
2025-01-29 12:03:00, 24.33, 29.15
2025-01-29 12:06:00, 24.33, 29.07
2025-01-29 12:09:00, 24.36, 29.16
2025-01-29 12:12:00, 24.42, 29.24
2025-01-29 12:15:00, 24.46, 29.34
2025-01-29 12:18:00, 24.52, 29.54
2025-01-29 12:21:00, 24.56, 29.32
2025-01-29 12:24:00, 24.59, 29.36
2025-01-29 12:27:00, 24.69, 29.51
2025-01-29 12:30:00, 24.72, 29.52
2025-01-29 12:33:00, 24.72, 29.45
2025-01-29 12:36:00, 24.77, 29.59
2025-01-29 12:39:00, 24.81, 29.65
2025-01-29 12:42:00, 24.83, 29.56
2025-01-29 12:45:00, 24.86, 29.52
2025-01-29 12:48:00, 24.87, 29.48
2025-01-29 12:51:00, 24.90, 29.53
2025-01-29 12:54:00, 24.92, 29.49
2025-01-29 12:57:00, 24.91, 29.37
2025-01-29 13:00:00, 24.92, 29.25
2025-01-29 13:03:00, 24.95, 29.19
2025-01-29 13:06:00, 24.97, 29.22
2025-01-29 13:09:00, 25.01, 29.04
2025-01-29 13:12:00, 24.97, 29.11
2025-01-29 13:15:00, 24.97, 29.22
2025-01-29 13:18:00, 24.97, 29.32
2025-01-29 13:21:00, 24.97, 29.37
2025-01-29 13:24:00, 24.97, 29.47
2025-01-29 13:27:00, 24.92, 29.59
2025-01-29 13:30:00, 24.94, 29.60
2025-01-29 13:33:00, 24.97, 29.66
2025-01-29 13:36:00, 24.95, 29.60
2025-01-29 13:39:00, 24.95, 29.57
2025-01-29 13:54:01, 24.88, 28.46
2025-01-29 13:57:00, 24.83, 27.79
2025-01-29 14:00:01, 24.74, 27.30
2025-01-29 14:03:01, 24.67, 27.15
2025-01-29 14:06:01, 24.59, 26.87
2025-01-29 14:09:01, 24.51, 27.01
2025-01-29 14:12:01, 24.46, 27.02
2025-01-29 14:15:01, 24.40, 27.06
2025-01-29 14:18:01, 24.36, 27.91
2025-01-29 14:21:01, 24.32, 28.01
2025-01-29 14:24:01, 24.30, 28.47
2025-01-29 14:27:01, 24.30, 28.59
2025-01-29 14:30:01, 24.25, 28.95
2025-01-29 14:33:01, 24.25, 30.16
2025-01-29 14:36:01, 24.19, 29.12
2025-01-29 14:39:01, 24.18, 29.29
2025-01-29 14:42:01, 24.14, 29.07
2025-01-29 14:45:01, 24.12, 29.04
2025-01-29 14:48:01, 24.12, 29.11
2025-01-29 14:51:01, 24.10, 29.24
2025-01-29 14:54:01, 24.14, 29.20
2025-01-29 14:57:01, 24.10, 29.29
2025-01-29 15:00:01, 24.08, 29.10
2025-01-29 15:03:01, 24.10, 28.99
2025-01-29 15:06:01, 24.11, 29.20
2025-01-29 15:09:01, 24.11, 29.24
2025-01-29 15:12:01, 24.11, 29.37
2025-01-29 15:15:01, 24.11, 29.43
2025-01-29 15:18:01, 24.12, 29.22
2025-01-29 15:21:01, 24.12, 29.49
2025-01-29 15:24:01, 24.17, 30.08
2025-01-29 15:27:01, 24.18, 29.99
2025-01-29 15:30:01, 24.17, 30.10
2025-01-29 15:33:01, 24.17, 29.63
2025-01-29 15:36:01, 24.15, 29.37
2025-01-29 15:39:01, 24.14, 29.22
2025-01-29 15:42:01, 24.17, 28.71
2025-01-29 15:45:01, 24.18, 28.52
2025-01-29 15:48:01, 24.17, 28.01
2025-01-29 15:51:01, 24.18, 27.82
2025-01-29 15:54:01, 24.19, 27.78
2025-01-29 15:57:01, 24.21, 27.71
2025-01-29 16:00:01, 24.22, 27.64
2025-01-29 16:03:01, 24.25, 27.25
2025-01-29 16:06:01, 24.25, 27.22
2025-01-29 16:09:01, 24.26, 26.77
2025-01-29 16:12:01, 24.32, 26.34
2025-01-29 16:15:01, 24.32, 26.12
2025-01-29 16:18:01, 24.35, 26.01
2025-01-29 16:21:01, 24.38, 25.66
2025-01-29 16:24:01, 24.40, 25.05
2025-01-29 16:27:01, 24.45, 24.36
2025-01-29 16:30:01, 24.51, 24.27
2025-01-29 16:33:01, 24.53, 24.07
2025-01-29 17:09:01, 24.67, 21.66
2025-01-29 17:12:01, 24.69, 22.30
2025-01-29 17:15:01, 24.74, 22.76
2025-01-29 17:18:01, 24.79, 23.15
2025-01-29 17:21:01, 24.84, 23.42
2025-01-29 17:24:01, 24.90, 23.82
2025-01-29 17:27:01, 24.95, 24.02
2025-01-29 17:30:01, 24.98, 24.30
2025-01-29 17:33:01, 25.01, 24.56
2025-01-29 17:36:01, 25.04, 24.80
2025-01-29 17:39:01, 25.08, 24.97
2025-01-29 17:42:01, 25.12, 25.16
2025-01-29 18:17:59, 25.43, 27.41
2025-01-29 18:20:59, 25.47, 27.38
2025-01-29 18:23:59, 25.46, 27.41
2025-01-29 18:26:59, 25.41, 27.65
2025-01-29 18:29:59, 25.25, 28.88
2025-01-29 18:32:59, 25.16, 29.06
2025-01-29 18:35:59, 25.07, 29.71
2025-01-29 18:38:59, 24.97, 30.01
2025-01-29 18:41:59, 24.87, 30.40
2025-01-29 18:44:59, 24.81, 30.50
2025-01-29 18:47:59, 24.74, 30.90
2025-01-29 18:50:59, 24.67, 31.10
2025-01-29 18:53:59, 24.64, 31.66
2025-01-29 18:56:59, 24.57, 32.20
2025-01-29 18:59:59, 24.53, 32.50
2025-01-29 19:02:59, 24.48, 32.63
2025-01-29 19:05:59, 24.46, 33.04
2025-01-29 19:08:59, 24.40, 33.05
2025-01-29 19:11:59, 24.36, 33.25
2025-01-29 19:14:59, 24.33, 33.34
2025-01-29 19:17:59, 24.29, 33.04
2025-01-29 19:20:59, 24.24, 32.77
2025-01-29 19:23:59, 24.21, 32.61
2025-01-29 19:26:59, 24.19, 32.84
2025-01-29 19:29:59, 24.18, 32.83
2025-01-29 19:32:59, 24.18, 32.74
2025-01-29 19:35:59, 24.12, 32.69
2025-01-29 19:38:59, 24.08, 32.48
2025-01-29 19:41:59, 24.08, 32.41
2025-01-29 19:44:59, 24.05, 32.45
2025-01-29 19:47:59, 24.02, 32.43
2025-01-29 19:50:59, 24.01, 32.47
2025-01-29 19:53:59, 23.97, 32.42
2025-01-29 19:56:59, 24.00, 32.47
2025-01-29 19:59:59, 23.94, 32.55
2025-01-29 20:02:59, 23.93, 32.67
2025-01-29 20:05:59, 23.91, 32.92
2025-01-29 20:08:59, 23.88, 33.05
2025-01-29 20:11:59, 23.91, 33.18
2025-01-29 20:14:59, 23.88, 33.35
2025-01-29 20:17:59, 23.90, 33.48
2025-01-29 20:20:59, 23.88, 33.58
2025-01-29 20:23:59, 23.87, 33.54
2025-01-29 20:26:59, 23.90, 33.62
2025-01-29 20:29:59, 23.87, 33.77
2025-01-29 20:32:59, 23.88, 33.68
2025-01-29 20:35:59, 23.87, 33.69
2025-01-29 20:38:59, 23.88, 33.86
2025-01-29 20:41:59, 23.88, 33.92
2025-01-29 20:44:59, 23.90, 34.01
2025-01-29 20:47:59, 23.87, 34.15
2025-01-29 20:50:59, 23.83, 34.45
2025-01-29 20:53:59, 23.85, 34.57
2025-01-29 20:56:59, 23.84, 34.62
2025-01-29 20:59:59, 23.84, 34.95
2025-01-29 21:02:59, 23.85, 35.18
2025-01-29 21:05:59, 23.85, 35.36
2025-01-29 21:08:59, 23.85, 35.40
2025-01-29 21:11:59, 23.85, 35.47
2025-01-29 21:14:59, 23.85, 35.49
2025-01-29 21:17:59, 23.85, 35.58
2025-01-29 21:20:59, 23.85, 35.78
2025-01-29 21:23:59, 23.87, 35.82
2025-01-29 21:27:00, 23.84, 35.99
2025-01-29 21:30:00, 23.84, 36.05
2025-01-29 21:33:00, 23.85, 36.23
2025-01-29 21:36:00, 23.84, 36.40
2025-01-29 21:39:00, 23.85, 36.46
2025-01-29 21:42:00, 23.81, 36.74
2025-01-29 21:45:00, 23.81, 36.97
2025-01-29 21:48:00, 23.81, 37.26
2025-01-29 21:51:00, 23.81, 37.24
2025-01-29 21:54:00, 23.80, 37.19
2025-01-29 21:57:00, 23.77, 37.09
2025-01-29 22:00:00, 23.77, 37.24
2025-01-29 22:03:00, 23.78, 37.34
2025-01-29 22:06:00, 23.81, 37.33
2025-01-29 22:09:00, 23.81, 37.30
2025-01-29 22:12:00, 23.78, 37.25
2025-01-29 22:15:00, 23.80, 37.23
2025-01-29 22:18:00, 23.80, 37.22
2025-01-29 22:21:00, 23.81, 37.27
2025-01-29 22:24:00, 23.78, 37.24
2025-01-29 22:27:00, 23.81, 37.24
2025-01-29 22:30:00, 23.81, 37.39
2025-01-29 22:33:00, 23.80, 37.58
2025-01-29 22:36:00, 23.81, 37.66
2025-01-29 22:39:00, 23.78, 37.79
2025-01-29 22:42:00, 23.78, 37.76
2025-01-29 22:45:00, 23.76, 37.82
2025-01-29 22:48:00, 23.80, 37.76
2025-01-29 22:51:00, 23.78, 37.76
2025-01-29 22:54:00, 23.76, 37.80
2025-01-29 22:57:00, 23.74, 37.65
2025-01-29 23:00:00, 23.73, 37.70
2025-01-29 23:03:00, 23.73, 37.70
2025-01-29 23:06:00, 23.73, 37.48
2025-01-29 23:09:00, 23.73, 37.45
2025-01-29 23:12:00, 23.71, 37.56
2025-01-29 23:15:00, 23.70, 37.69
2025-01-29 23:18:00, 23.70, 37.38
2025-01-29 23:21:00, 23.69, 37.33
2025-01-29 23:24:00, 23.71, 36.87
2025-01-29 23:27:00, 23.69, 36.13
2025-01-29 23:30:00, 23.65, 35.43
2025-01-29 23:33:00, 23.62, 35.26
2025-01-29 23:36:00, 23.58, 35.40
2025-01-29 23:39:00, 23.58, 35.14
2025-01-29 23:42:00, 23.56, 34.46
2025-01-29 23:45:00, 23.56, 33.94
2025-01-29 23:48:00, 23.55, 33.60
2025-01-29 23:51:00, 23.52, 33.08
2025-01-29 23:54:00, 23.52, 32.63
2025-01-29 23:57:00, 23.48, 32.52
2025-01-30 00:00:00, 23.48, 32.65
2025-01-30 00:03:00, 23.46, 32.64
2025-01-30 00:06:00, 23.43, 32.51
2025-01-30 00:09:00, 23.42, 32.45
2025-01-30 00:12:00, 23.43, 32.31
2025-01-30 00:15:00, 23.41, 32.25
2025-01-30 00:18:00, 23.41, 32.15
2025-01-30 00:21:00, 23.39, 32.04
2025-01-30 00:24:00, 23.38, 31.96
2025-01-30 00:27:00, 23.41, 31.77
2025-01-30 00:30:00, 23.39, 31.68
2025-01-30 00:33:00, 23.39, 31.64
2025-01-30 00:36:00, 23.41, 31.44
2025-01-30 00:39:00, 23.38, 31.61
2025-01-30 00:42:00, 23.37, 31.49
2025-01-30 00:45:00, 23.38, 31.36
2025-01-30 00:48:00, 23.37, 31.52
2025-01-30 00:51:00, 23.33, 31.85
2025-01-30 00:54:00, 23.35, 32.19
2025-01-30 00:57:00, 23.35, 32.58
2025-01-30 01:00:00, 23.35, 32.91
2025-01-30 01:03:00, 23.33, 33.04
2025-01-30 01:06:00, 23.37, 33.26
2025-01-30 01:09:00, 23.33, 33.69
2025-01-30 01:12:00, 23.33, 34.12
2025-01-30 01:15:00, 23.35, 34.47
2025-01-30 01:18:00, 23.32, 34.80
2025-01-30 01:21:00, 23.32, 34.96
2025-01-30 01:24:00, 23.31, 35.27
2025-01-30 01:27:00, 23.33, 35.49
2025-01-30 01:30:00, 23.32, 35.52
2025-01-30 01:33:00, 23.32, 35.66
2025-01-30 01:36:00, 23.31, 35.66
2025-01-30 01:39:00, 23.32, 35.72
2025-01-30 01:42:00, 23.32, 35.85
2025-01-30 01:45:00, 23.31, 35.76
2025-01-30 01:48:00, 23.32, 35.83
2025-01-30 01:51:00, 23.31, 35.82
2025-01-30 01:54:00, 23.29, 35.83
2025-01-30 01:57:00, 23.31, 35.90
2025-01-30 02:00:00, 23.29, 35.87
2025-01-30 02:03:00, 23.29, 35.88
2025-01-30 02:06:00, 23.29, 36.08
2025-01-30 02:09:00, 23.29, 36.11
2025-01-30 02:12:00, 23.31, 36.18
2025-01-30 02:15:00, 23.31, 36.16
2025-01-30 02:18:00, 23.31, 36.26
2025-01-30 02:21:00, 23.28, 36.31
2025-01-30 02:24:00, 23.28, 36.30
2025-01-30 02:27:00, 23.28, 36.27
2025-01-30 02:30:00, 23.28, 36.44
2025-01-30 02:33:00, 23.31, 36.47
2025-01-30 02:36:00, 23.28, 36.53
2025-01-30 02:39:00, 23.28, 36.47
2025-01-30 02:42:00, 23.25, 36.33
2025-01-30 02:45:00, 23.28, 36.32
2025-01-30 02:48:00, 23.26, 36.19
2025-01-30 02:51:00, 23.25, 36.05
2025-01-30 02:54:00, 23.19, 36.04
2025-01-30 02:57:00, 23.21, 36.21
2025-01-30 02:59:59, 23.21, 36.30
2025-01-30 03:02:59, 23.19, 36.34
2025-01-30 03:05:59, 23.19, 36.38
2025-01-30 03:08:59, 23.16, 36.38
2025-01-30 03:11:59, 23.18, 36.49
2025-01-30 03:14:59, 23.15, 36.48
2025-01-30 03:17:59, 23.16, 36.54
2025-01-30 03:20:59, 23.18, 36.59
2025-01-30 03:23:59, 23.19, 36.70
2025-01-30 03:26:59, 23.18, 36.78
2025-01-30 03:29:59, 23.19, 36.84
2025-01-30 03:32:59, 23.16, 36.86
2025-01-30 03:35:59, 23.18, 37.03
2025-01-30 03:38:59, 23.16, 36.98
2025-01-30 03:41:59, 23.15, 37.00
2025-01-30 03:44:59, 23.11, 36.83
2025-01-30 03:47:59, 23.11, 36.93
2025-01-30 03:50:59, 23.11, 37.00
2025-01-30 03:53:59, 23.08, 37.04
2025-01-30 03:56:59, 23.08, 37.17
2025-01-30 03:59:59, 23.08, 37.26
2025-01-30 04:02:59, 23.05, 37.20
2025-01-30 04:05:59, 23.05, 37.28
2025-01-30 04:08:59, 23.05, 37.35
2025-01-30 04:11:59, 23.03, 37.44
2025-01-30 04:14:59, 23.01, 37.41
2025-01-30 04:17:59, 23.00, 37.49
2025-01-30 04:20:59, 23.00, 37.55
2025-01-30 04:23:59, 22.97, 37.50
2025-01-30 04:26:59, 22.98, 37.48
2025-01-30 04:29:59, 22.96, 37.55
2025-01-30 04:32:59, 22.93, 37.55
2025-01-30 04:35:59, 22.93, 37.72
2025-01-30 04:38:59, 22.91, 37.68
2025-01-30 04:41:59, 22.93, 37.74
2025-01-30 04:44:59, 22.91, 37.73
2025-01-30 04:47:59, 22.88, 37.72
2025-01-30 04:50:59, 22.87, 37.71
2025-01-30 04:53:59, 22.86, 37.76
2025-01-30 04:56:59, 22.87, 37.72
2025-01-30 04:59:59, 22.86, 37.78
2025-01-30 05:02:59, 22.84, 37.91
2025-01-30 05:05:59, 22.86, 37.88
2025-01-30 05:08:59, 22.84, 37.99
2025-01-30 05:11:59, 22.84, 37.92
2025-01-30 05:14:59, 22.83, 37.75
2025-01-30 05:17:59, 22.83, 37.77
2025-01-30 05:20:59, 22.83, 37.96
2025-01-30 05:23:59, 22.83, 37.93
2025-01-30 05:26:59, 22.81, 37.95
2025-01-30 05:29:59, 22.80, 38.01
2025-01-30 05:33:00, 22.83, 38.00
2025-01-30 05:35:59, 22.80, 38.04
2025-01-30 05:38:59, 22.80, 38.06
2025-01-30 05:41:59, 22.81, 38.02
2025-01-30 05:45:00, 22.81, 38.05
2025-01-30 05:48:00, 22.80, 38.11
2025-01-30 05:51:00, 22.79, 38.20
2025-01-30 05:54:00, 22.80, 38.17
2025-01-30 05:57:00, 22.79, 38.20
2025-01-30 06:00:00, 22.80, 38.18
2025-01-30 06:03:00, 22.77, 38.12
2025-01-30 06:06:00, 22.79, 38.21
2025-01-30 06:09:00, 22.76, 38.09
2025-01-30 06:12:00, 22.74, 38.02
2025-01-30 06:15:00, 22.74, 38.12
2025-01-30 06:18:00, 22.73, 38.28
2025-01-30 06:21:00, 22.73, 38.24
2025-01-30 06:24:00, 22.73, 38.31
2025-01-30 06:27:00, 22.70, 38.36
2025-01-30 06:30:00, 22.71, 38.35
2025-01-30 06:33:00, 22.74, 38.31
2025-01-30 06:36:00, 22.73, 38.27
2025-01-30 06:39:00, 22.71, 38.35
2025-01-30 06:42:00, 22.70, 38.16
2025-01-30 06:45:00, 22.71, 38.19
2025-01-30 06:48:00, 22.70, 38.09
2025-01-30 06:51:00, 22.67, 38.17
2025-01-30 06:54:00, 22.69, 38.25
2025-01-30 06:57:00, 22.66, 38.36
2025-01-30 07:00:00, 22.66, 38.23
2025-01-30 07:03:00, 22.63, 38.28
2025-01-30 07:06:00, 22.66, 38.43
2025-01-30 07:09:00, 22.64, 38.44
2025-01-30 07:12:00, 22.67, 38.34
2025-01-30 07:15:00, 22.66, 38.36
2025-01-30 07:18:00, 22.64, 38.45
2025-01-30 07:21:00, 22.66, 38.49
2025-01-30 07:24:00, 22.66, 38.37
2025-01-30 07:27:00, 22.64, 38.38
2025-01-30 07:30:00, 22.62, 38.38
2025-01-30 07:33:00, 22.63, 38.49
2025-01-30 07:36:00, 22.62, 38.70
2025-01-30 07:39:00, 22.63, 38.76
2025-01-30 07:42:00, 22.64, 38.78
2025-01-30 07:45:00, 22.67, 38.65
2025-01-30 07:48:00, 22.64, 38.57
2025-01-30 07:51:00, 22.63, 38.42
2025-01-30 07:54:00, 22.63, 38.33
2025-01-30 07:57:00, 22.63, 38.25
2025-01-30 08:00:00, 22.64, 38.35
2025-01-30 08:03:00, 22.60, 38.39
2025-01-30 08:06:00, 22.64, 38.29
2025-01-30 08:09:00, 22.62, 38.31
2025-01-30 08:12:00, 22.60, 38.25
2025-01-30 08:15:00, 22.62, 38.34
2025-01-30 08:18:00, 22.64, 38.23
2025-01-30 08:21:00, 22.64, 38.06
2025-01-30 08:24:00, 22.62, 38.26
2025-01-30 08:27:00, 22.62, 38.55
2025-01-30 08:30:00, 22.62, 38.81
2025-01-30 08:33:00, 22.64, 38.86
2025-01-30 08:36:00, 22.66, 39.54
2025-01-30 08:39:00, 22.70, 39.11
2025-01-30 08:42:00, 22.66, 39.31
2025-01-30 08:45:00, 22.67, 39.69
2025-01-30 08:48:00, 22.69, 39.48
2025-01-30 08:51:00, 22.71, 39.38
2025-01-30 08:54:00, 22.74, 39.33
2025-01-30 08:57:00, 22.81, 39.54
2025-01-30 09:00:00, 22.87, 39.33
2025-01-30 09:03:00, 22.87, 39.30
2025-01-30 09:06:00, 22.88, 39.09
2025-01-30 09:09:00, 22.90, 39.80
2025-01-30 09:12:00, 22.93, 39.90
2025-01-30 19:20:05, 24.98, 36.25
2025-01-30 19:23:05, 25.06, 36.12
2025-01-30 19:26:05, 25.08, 36.02
2025-01-30 19:29:05, 25.15, 35.98
2025-01-30 19:32:05, 25.18, 36.00
2025-01-30 19:35:05, 25.22, 35.92
2025-01-30 19:38:05, 25.26, 35.88
2025-01-30 19:41:05, 25.28, 35.82
2025-01-30 19:44:05, 25.28, 35.73
2025-01-30 19:47:05, 25.28, 35.72
2025-01-30 19:50:05, 25.29, 35.91
2025-01-30 19:53:05, 25.28, 36.09
2025-01-30 19:56:05, 25.24, 36.25
2025-01-30 19:59:05, 25.22, 36.35
2025-01-30 20:02:05, 25.19, 36.51
2025-01-30 20:05:04, 25.14, 36.62
2025-01-30 20:08:04, 25.11, 36.67
2025-01-30 20:11:04, 25.04, 36.74
2025-01-30 20:14:04, 25.00, 36.78
2025-01-30 20:17:04, 24.92, 36.90
2025-01-30 20:20:04, 24.90, 36.92
2025-01-30 20:23:04, 24.87, 36.88
2025-01-30 20:26:04, 24.81, 36.89
2025-01-30 20:29:04, 24.76, 36.88
2025-01-30 20:32:04, 24.73, 36.92
2025-01-30 20:35:04, 24.67, 37.01
2025-01-30 20:38:04, 24.66, 37.10
2025-01-30 20:41:04, 24.63, 37.17
2025-01-30 20:44:04, 24.62, 37.15
2025-01-30 20:47:04, 24.59, 37.27
2025-01-30 20:50:04, 24.56, 37.29
2025-01-30 20:53:04, 24.56, 37.28
2025-01-30 20:56:04, 24.53, 37.21
2025-01-30 20:59:04, 24.52, 37.30
2025-01-30 21:02:04, 24.52, 37.31
2025-01-30 21:05:04, 24.49, 37.33
2025-01-30 21:08:04, 24.49, 37.29
2025-01-30 21:11:04, 24.46, 37.39
2025-01-30 21:14:04, 24.49, 37.43
2025-01-30 21:17:04, 24.48, 37.42
2025-01-30 21:20:04, 24.48, 37.47
2025-01-30 21:23:04, 24.49, 37.59
2025-01-30 21:26:04, 24.48, 37.78
2025-01-30 21:29:04, 24.52, 37.84
2025-01-30 21:32:04, 24.49, 38.00
2025-01-30 21:35:04, 24.49, 38.02
2025-01-30 21:38:04, 24.48, 38.05
2025-01-30 21:41:04, 24.46, 38.13
2025-01-30 21:44:04, 24.48, 38.19
2025-01-30 21:47:04, 24.43, 38.11
2025-01-30 21:50:04, 24.45, 38.17
2025-01-30 21:53:04, 24.45, 38.28
2025-01-30 21:56:04, 24.45, 38.42
2025-01-30 21:59:04, 24.45, 38.49
2025-01-30 22:02:04, 24.40, 38.44
2025-01-30 22:05:04, 24.42, 38.33
2025-01-30 22:08:04, 24.40, 38.29
2025-01-30 22:11:04, 24.42, 38.26
2025-01-30 22:14:04, 24.40, 38.26
2025-01-30 22:17:04, 24.40, 38.11
2025-01-30 22:20:04, 24.38, 38.04
2025-01-30 22:23:04, 24.35, 37.87
2025-01-30 22:26:04, 24.36, 37.87
2025-01-30 22:29:04, 24.38, 37.93
2025-01-30 22:32:04, 24.35, 37.91
2025-01-30 22:35:04, 24.33, 37.87
2025-01-30 22:38:04, 24.33, 37.87
2025-01-30 22:41:04, 24.33, 37.78
2025-01-30 22:44:04, 24.32, 37.75
2025-01-30 22:47:04, 24.32, 37.76
2025-01-30 22:50:04, 24.30, 37.78
2025-01-30 22:53:04, 24.30, 37.79
2025-01-30 22:56:04, 24.29, 37.81
2025-01-30 22:59:04, 24.28, 37.88
2025-01-30 23:02:04, 24.26, 37.91
2025-01-30 23:05:04, 24.29, 37.96
2025-01-30 23:08:04, 24.26, 37.88
2025-01-30 23:11:04, 24.26, 37.77
2025-01-30 23:14:04, 24.25, 37.74
2025-01-30 23:17:04, 24.24, 37.68
2025-01-30 23:20:04, 24.24, 37.62
2025-01-30 23:23:04, 24.25, 37.54
2025-01-30 23:26:04, 24.22, 37.41
2025-01-30 23:29:04, 24.24, 37.30
2025-01-30 23:32:04, 24.19, 37.27
2025-01-30 23:35:04, 24.22, 37.26
2025-01-30 23:38:04, 24.19, 37.26
2025-01-30 23:41:04, 24.18, 37.22
2025-01-30 23:44:04, 24.19, 37.20
2025-01-30 23:47:04, 24.17, 37.17
2025-01-30 23:50:04, 24.18, 37.17
2025-01-30 23:53:04, 24.17, 37.17
2025-01-30 23:56:04, 24.17, 37.11
2025-01-30 23:59:04, 24.17, 37.07
2025-01-31 00:02:04, 24.17, 37.09
2025-01-31 00:05:04, 24.14, 37.02
2025-01-31 00:08:04, 24.15, 37.01
2025-01-31 00:11:04, 24.14, 37.00
2025-01-31 00:14:04, 24.15, 36.81
2025-01-31 00:17:04, 24.12, 36.67
2025-01-31 00:20:04, 24.15, 36.69
2025-01-31 00:23:04, 24.14, 36.62
2025-01-31 00:26:04, 24.12, 36.63
2025-01-31 00:29:04, 24.11, 36.58
2025-01-31 00:32:04, 24.12, 36.43
2025-01-31 00:35:05, 24.12, 36.44
2025-01-31 00:38:05, 24.12, 36.51
2025-01-31 00:41:04, 24.12, 36.55
2025-01-31 00:44:05, 24.12, 36.55
2025-01-31 00:47:04, 24.10, 36.46
2025-01-31 00:50:04, 24.10, 36.43
2025-01-31 00:53:04, 24.08, 36.31
2025-01-31 00:56:04, 24.10, 36.20
2025-01-31 00:59:04, 24.10, 36.14
2025-01-31 01:02:04, 24.08, 36.14
2025-01-31 01:05:04, 24.07, 36.13
2025-01-31 01:08:05, 24.08, 36.08
2025-01-31 01:11:04, 24.07, 36.12
2025-01-31 01:14:05, 24.08, 36.09
2025-01-31 01:17:05, 24.08, 36.14
2025-01-31 01:20:05, 24.07, 36.21
2025-01-31 01:23:05, 24.05, 36.16
2025-01-31 01:26:05, 24.07, 36.21
2025-01-31 01:29:05, 24.07, 36.21
2025-01-31 01:32:05, 24.08, 36.17
2025-01-31 01:35:05, 24.07, 36.12
2025-01-31 01:38:05, 24.05, 35.98
2025-01-31 01:41:05, 24.02, 35.90
2025-01-31 01:44:05, 24.02, 35.79
2025-01-31 01:47:05, 24.01, 35.65
2025-01-31 01:50:05, 24.01, 35.56
2025-01-31 01:53:05, 24.02, 35.41
2025-01-31 01:56:05, 24.01, 35.33
2025-01-31 01:59:05, 24.00, 35.24
2025-01-31 02:02:05, 24.00, 35.21
2025-01-31 02:05:05, 23.96, 35.25
2025-01-31 02:08:05, 24.00, 35.24
2025-01-31 02:11:05, 23.98, 35.14
2025-01-31 02:14:05, 23.96, 35.10
2025-01-31 02:17:05, 23.96, 35.13
2025-01-31 02:20:05, 23.96, 35.07
2025-01-31 02:23:05, 23.96, 35.07
2025-01-31 02:26:05, 23.97, 35.02
2025-01-31 02:29:05, 23.98, 35.03
2025-01-31 02:32:05, 23.96, 35.05
2025-01-31 02:35:05, 23.94, 35.04
2025-01-31 02:38:05, 23.96, 35.05
2025-01-31 02:41:05, 23.94, 35.07
2025-01-31 02:44:05, 23.96, 35.05
2025-01-31 02:47:05, 23.93, 35.01
2025-01-31 02:50:05, 23.93, 35.06
2025-01-31 02:53:05, 23.96, 35.02
2025-01-31 02:56:05, 23.93, 35.07
2025-01-31 02:59:05, 23.93, 35.10
2025-01-31 03:02:05, 23.93, 35.12
2025-01-31 03:05:05, 23.91, 35.14
2025-01-31 03:08:05, 23.87, 35.10
2025-01-31 03:11:05, 23.87, 35.04
2025-01-31 03:14:05, 23.91, 35.12
2025-01-31 03:17:05, 23.88, 35.02
2025-01-31 03:20:05, 23.87, 34.99
2025-01-31 03:23:05, 23.87, 34.96
2025-01-31 03:26:05, 23.85, 34.92
2025-01-31 03:29:05, 23.87, 34.97
2025-01-31 03:32:05, 23.88, 34.99
2025-01-31 03:35:05, 23.87, 34.98
2025-01-31 03:38:05, 23.85, 34.90
2025-01-31 03:41:05, 23.87, 34.82
2025-01-31 03:44:05, 23.84, 34.79
2025-01-31 03:47:05, 23.84, 34.79
2025-01-31 03:50:05, 23.84, 34.63
2025-01-31 03:53:05, 23.81, 34.59
2025-01-31 03:56:05, 23.84, 34.39
2025-01-31 03:59:05, 23.81, 34.36
2025-01-31 04:02:05, 23.81, 34.43
2025-01-31 04:05:05, 23.78, 34.42
2025-01-31 04:08:05, 23.80, 34.39
2025-01-31 04:11:05, 23.76, 34.36
2025-01-31 04:14:05, 23.78, 34.39
2025-01-31 04:17:05, 23.77, 34.39
2025-01-31 04:20:05, 23.78, 34.41
2025-01-31 04:23:05, 23.77, 34.41
2025-01-31 04:26:05, 23.74, 34.37
2025-01-31 04:29:05, 23.76, 34.52
2025-01-31 04:32:05, 23.76, 34.60
2025-01-31 04:35:05, 23.77, 34.63
2025-01-31 04:38:05, 23.78, 34.63
2025-01-31 04:41:05, 23.77, 34.64
2025-01-31 04:44:05, 23.77, 34.64
2025-01-31 04:47:05, 23.77, 34.67
2025-01-31 04:50:05, 23.76, 34.68
2025-01-31 04:53:05, 23.76, 34.68
2025-01-31 04:56:05, 23.74, 34.69
2025-01-31 04:59:05, 23.76, 34.71
2025-01-31 05:02:05, 23.77, 34.68
2025-01-31 05:05:05, 23.78, 34.70
2025-01-31 05:08:05, 23.83, 34.71
2025-01-31 05:11:04, 23.84, 34.64
2025-01-31 05:14:04, 23.84, 34.68
2025-01-31 05:17:04, 23.81, 34.78
2025-01-31 05:20:04, 23.81, 34.86
2025-01-31 05:23:04, 23.81, 34.89
2025-01-31 05:26:04, 23.80, 34.95
2025-01-31 05:29:04, 23.74, 34.97
2025-01-31 05:32:04, 23.74, 34.94
2025-01-31 05:35:04, 23.74, 34.91
2025-01-31 05:38:04, 23.76, 34.97
2025-01-31 05:41:04, 23.73, 35.03
2025-01-31 05:44:04, 23.71, 35.12
2025-01-31 05:47:04, 23.71, 35.18
2025-01-31 05:50:04, 23.69, 35.21
2025-01-31 05:53:04, 23.69, 35.21
2025-01-31 05:56:04, 23.69, 35.23
2025-01-31 05:59:04, 23.69, 35.32
2025-01-31 06:02:04, 23.66, 35.41
2025-01-31 06:05:04, 23.69, 35.41
2025-01-31 06:08:04, 23.66, 35.33
2025-01-31 06:11:04, 23.66, 35.44
2025-01-31 06:14:04, 23.67, 35.41
2025-01-31 06:17:04, 23.65, 35.43
2025-01-31 06:20:04, 23.63, 35.42
2025-01-31 06:23:04, 23.65, 35.37
2025-01-31 06:26:04, 23.62, 35.43
2025-01-31 06:29:04, 23.62, 35.40
2025-01-31 06:32:04, 23.63, 35.35
2025-01-31 06:35:04, 23.62, 35.42
2025-01-31 06:38:04, 23.59, 35.38
2025-01-31 06:41:04, 23.60, 35.35
2025-01-31 06:44:04, 23.60, 35.36
2025-01-31 06:47:04, 23.58, 35.39
2025-01-31 06:50:04, 23.56, 35.38
2025-01-31 06:53:04, 23.56, 35.30
2025-01-31 06:56:04, 23.56, 35.29
2025-01-31 06:59:04, 23.56, 35.36
2025-01-31 07:02:04, 23.56, 35.38
2025-01-31 07:05:04, 23.52, 35.31
2025-01-31 07:08:04, 23.52, 35.26
2025-01-31 07:11:04, 23.52, 35.22
2025-01-31 07:14:04, 23.50, 35.18
2025-01-31 07:17:04, 23.50, 35.09
2025-01-31 07:20:04, 23.50, 35.00
2025-01-31 07:23:04, 23.48, 35.00
2025-01-31 07:26:04, 23.49, 35.03
2025-01-31 07:29:04, 23.48, 34.99
2025-01-31 07:32:04, 23.48, 34.99
2025-01-31 07:35:04, 23.48, 34.91
2025-01-31 07:38:04, 23.45, 34.88
2025-01-31 07:41:04, 23.45, 34.86
2025-01-31 07:44:04, 23.48, 34.86
2025-01-31 07:47:04, 23.49, 35.06
2025-01-31 07:50:04, 23.48, 35.18
2025-01-31 07:53:04, 23.46, 35.28
2025-01-31 07:56:04, 23.46, 35.27
2025-01-31 07:59:04, 23.49, 35.38
2025-01-31 08:02:04, 23.49, 35.46
2025-01-31 08:05:04, 23.49, 35.60
2025-01-31 08:08:04, 23.48, 35.66
2025-01-31 08:11:04, 23.49, 35.70
2025-01-31 08:14:04, 23.53, 35.73
2025-01-31 08:17:04, 23.50, 35.87
2025-01-31 08:20:04, 23.55, 35.87
2025-01-31 08:23:04, 23.52, 35.48
2025-01-31 08:26:04, 23.49, 34.97
2025-01-31 08:29:04, 23.42, 34.80
2025-01-31 08:32:04, 23.37, 35.11
2025-01-31 08:35:05, 23.31, 34.91
2025-01-31 08:38:04, 23.26, 34.61
2025-01-31 08:41:04, 23.24, 34.73
2025-01-31 08:44:04, 23.18, 34.69
2025-01-31 08:47:04, 23.15, 34.84
2025-01-31 08:50:04, 23.14, 35.04
2025-01-31 08:53:04, 23.12, 35.35
2025-01-31 08:56:05, 23.14, 36.12
2025-01-31 08:59:04, 23.14, 35.41
2025-01-31 09:02:04, 23.14, 36.08
2025-01-31 09:05:04, 23.16, 38.27
2025-01-31 09:08:04, 23.15, 46.01
2025-01-31 09:11:04, 23.04, 40.07
2025-01-31 09:14:04, 23.04, 38.37
2025-01-31 09:17:04, 23.07, 39.44
2025-01-31 09:20:04, 23.11, 40.38
2025-01-31 09:23:05, 23.14, 39.75
2025-01-31 09:26:04, 23.11, 37.66
2025-01-31 09:29:04, 23.12, 37.06
2025-01-31 09:32:04, 23.15, 36.39
2025-01-31 09:35:04, 23.16, 36.47
2025-01-31 09:38:04, 23.18, 37.24
2025-01-31 09:41:04, 23.18, 37.85
2025-01-31 09:44:04, 23.28, 38.03
2025-01-31 09:47:04, 23.39, 36.90
2025-01-31 09:50:04, 23.42, 36.20
2025-01-31 09:53:04, 23.52, 36.50
2025-01-31 09:56:04, 23.60, 36.10
2025-01-31 09:59:04, 23.71, 36.73
2025-01-31 10:02:04, 23.85, 35.71
2025-01-31 10:05:04, 23.97, 37.42
2025-01-31 10:08:05, 24.08, 35.14
2025-01-31 10:11:05, 24.17, 35.32
2025-01-31 10:14:05, 24.22, 35.39
2025-01-31 10:17:05, 24.30, 35.16
2025-01-31 10:20:05, 24.38, 34.76
2025-01-31 10:23:05, 24.39, 35.05
2025-01-31 10:26:05, 24.45, 34.69
2025-01-31 10:29:05, 24.48, 34.67
2025-01-31 10:32:05, 24.52, 34.51
2025-01-31 10:35:05, 24.59, 34.84
2025-01-31 10:38:05, 24.62, 34.97
2025-01-31 10:41:05, 24.64, 34.36
2025-01-31 10:44:05, 24.69, 34.35
2025-01-31 10:47:05, 24.73, 34.51
2025-01-31 10:50:05, 24.73, 34.42
2025-01-31 10:53:05, 24.74, 34.24
2025-01-31 10:56:05, 24.74, 34.45
2025-01-31 10:59:05, 24.80, 34.14
2025-01-31 11:02:05, 24.84, 34.24
2025-01-31 11:05:05, 24.83, 34.07
2025-01-31 11:08:05, 24.87, 34.10
2025-01-31 11:11:05, 24.88, 33.94
2025-01-31 11:14:05, 24.92, 34.01
2025-01-31 11:17:05, 24.97, 34.10
2025-01-31 11:20:05, 25.04, 33.95
2025-01-31 11:23:05, 25.08, 33.87
2025-01-31 11:26:05, 25.11, 33.85
2025-01-31 11:29:05, 25.15, 33.94
2025-01-31 11:32:05, 25.18, 33.72
2025-01-31 11:35:05, 25.19, 33.72
2025-01-31 11:38:05, 25.19, 33.78
2025-01-31 11:41:05, 25.18, 33.74
2025-01-31 11:44:05, 25.24, 33.77
2025-01-31 11:47:05, 25.25, 33.77
2025-01-31 11:50:05, 25.25, 33.84
2025-01-31 11:53:05, 25.26, 33.62
2025-01-31 11:56:05, 25.25, 33.66
2025-01-31 11:59:05, 25.29, 33.58
2025-01-31 12:02:05, 25.26, 33.59
2025-01-31 12:05:05, 25.29, 33.78
2025-01-31 12:08:05, 25.36, 33.57
2025-01-31 12:11:05, 25.39, 33.66
2025-01-31 12:14:05, 25.41, 33.60
2025-01-31 12:17:05, 25.43, 33.84
2025-01-31 12:20:05, 25.47, 33.42
2025-01-31 12:23:05, 25.50, 33.54
2025-01-31 12:26:05, 25.50, 33.61
2025-01-31 12:29:05, 25.54, 33.55
2025-01-31 12:32:05, 25.56, 33.70
2025-01-31 12:35:05, 25.54, 33.55
2025-01-31 12:38:05, 25.53, 33.77
2025-01-31 12:41:05, 25.54, 33.99
2025-01-31 12:44:05, 25.59, 33.97
2025-01-31 12:47:05, 25.60, 33.88
2025-01-31 12:50:05, 25.62, 33.91
2025-01-31 12:53:05, 25.62, 33.73
2025-01-31 12:56:05, 25.62, 33.66
2025-01-31 12:59:05, 25.63, 33.92
2025-01-31 13:02:05, 25.63, 33.97
2025-01-31 13:05:05, 25.66, 33.93
2025-01-31 13:08:05, 25.65, 33.93
2025-01-31 13:11:05, 25.69, 33.98
2025-01-31 13:14:05, 25.70, 33.85
2025-01-31 13:17:05, 25.65, 33.92
2025-01-31 13:20:05, 25.56, 34.08
2025-01-31 13:23:05, 25.49, 33.99
2025-01-31 13:26:05, 25.41, 33.85
2025-01-31 13:29:05, 25.33, 33.68
2025-01-31 13:32:05, 25.33, 33.84
2025-01-31 13:35:05, 25.32, 34.02
2025-01-31 13:38:05, 25.33, 34.25
2025-01-31 13:41:05, 25.31, 34.50
2025-01-31 13:44:05, 25.32, 34.64
2025-01-31 13:47:05, 25.32, 34.62
2025-01-31 13:50:05, 25.31, 34.61
2025-01-31 13:53:05, 25.33, 34.72
2025-01-31 13:56:05, 25.33, 34.69
2025-01-31 13:59:05, 25.33, 34.70
2025-01-31 14:02:05, 25.33, 34.75
2025-01-31 14:05:05, 25.35, 34.76
2025-01-31 14:08:05, 25.35, 34.76
2025-01-31 14:11:05, 25.36, 34.80
2025-01-31 14:14:05, 25.38, 34.95
2025-01-31 14:17:04, 25.41, 34.91
2025-01-31 14:20:04, 25.41, 34.86
2025-01-31 14:23:04, 25.41, 34.66
2025-01-31 14:26:04, 25.41, 34.75
2025-01-31 14:29:04, 25.43, 34.74
2025-01-31 14:32:04, 25.42, 34.74
2025-01-31 14:35:04, 25.42, 34.56
2025-01-31 14:38:04, 25.43, 34.19
2025-01-31 14:41:04, 25.41, 34.86
2025-01-31 14:44:04, 25.39, 34.87
2025-01-31 14:47:04, 25.39, 34.88
2025-01-31 14:50:04, 25.42, 34.89
2025-01-31 14:53:04, 25.36, 33.44
2025-01-31 14:56:04, 25.26, 33.09
2025-01-31 14:59:04, 25.15, 33.07
2025-01-31 15:02:04, 25.08, 32.65
2025-01-31 15:05:04, 24.98, 32.71
2025-01-31 15:08:04, 24.92, 32.66
2025-01-31 15:11:04, 24.90, 32.87
2025-01-31 15:14:04, 24.88, 32.92
2025-01-31 15:17:04, 24.84, 32.98
2025-01-31 15:20:04, 24.81, 32.94
2025-01-31 15:23:04, 24.73, 32.96
2025-01-31 15:26:04, 24.73, 32.90
2025-01-31 15:29:04, 24.64, 33.17
2025-01-31 15:32:04, 24.59, 33.21
2025-01-31 15:35:04, 24.52, 33.29
2025-01-31 15:38:04, 24.49, 33.30
2025-01-31 15:41:04, 24.45, 33.30
2025-01-31 15:44:04, 24.45, 33.34
2025-01-31 15:47:04, 24.38, 33.50
2025-01-31 15:50:04, 24.38, 33.57
2025-01-31 15:53:04, 24.35, 33.70
2025-01-31 15:56:04, 24.35, 33.86
2025-01-31 15:59:04, 24.33, 33.94
2025-01-31 16:02:04, 24.32, 33.97
2025-01-31 16:05:04, 24.33, 34.15
2025-01-31 16:08:04, 24.35, 34.99
2025-01-31 16:11:04, 24.33, 34.78
2025-01-31 16:14:04, 24.35, 34.47
2025-01-31 16:17:04, 24.36, 34.24
2025-01-31 16:20:04, 24.38, 34.26
2025-01-31 16:23:04, 24.40, 33.99
2025-01-31 16:26:04, 24.42, 33.95
2025-01-31 16:29:04, 24.40, 33.91
2025-01-31 16:32:04, 24.39, 33.83
2025-01-31 16:35:04, 24.39, 33.65
2025-01-31 16:38:04, 24.38, 33.61
2025-01-31 16:41:04, 24.38, 33.52
2025-01-31 16:44:04, 24.35, 33.56
2025-01-31 16:47:04, 24.35, 33.52
2025-01-31 16:50:04, 24.35, 33.52
2025-01-31 16:53:04, 24.33, 33.55
2025-01-31 16:56:04, 24.32, 33.62
2025-01-31 16:59:04, 24.30, 33.69
2025-01-31 17:02:04, 24.32, 33.78
2025-01-31 17:05:04, 24.28, 33.83
2025-01-31 17:08:04, 24.28, 33.90
2025-01-31 17:11:04, 24.28, 33.98
2025-01-31 17:14:04, 24.26, 33.97
2025-01-31 17:17:04, 24.26, 33.97
2025-01-31 17:20:04, 24.25, 33.94
2025-01-31 17:23:04, 24.24, 33.85
2025-01-31 17:26:04, 24.25, 33.44
2025-01-31 17:29:04, 24.19, 33.09
2025-01-31 17:32:04, 24.19, 33.13
2025-01-31 17:35:04, 24.19, 32.94
2025-01-31 17:38:04, 24.18, 33.13
2025-01-31 17:41:04, 24.21, 33.06
2025-01-31 17:44:05, 24.19, 33.05
2025-01-31 17:47:05, 24.18, 33.14
2025-01-31 17:50:04, 24.18, 33.27
2025-01-31 17:53:04, 24.17, 33.25
2025-01-31 17:56:04, 24.17, 33.20
2025-01-31 17:59:04, 24.15, 33.20
2025-01-31 18:02:05, 24.15, 33.31
2025-01-31 18:05:04, 24.14, 33.37
2025-01-31 18:08:05, 24.15, 33.55
2025-01-31 18:11:04, 24.12, 33.65
2025-01-31 18:14:05, 24.14, 34.13
2025-01-31 18:17:04, 24.15, 35.34
2025-01-31 18:20:05, 24.14, 36.11
2025-01-31 18:23:04, 24.14, 37.08
2025-01-31 18:26:05, 24.12, 36.88
2025-01-31 18:29:05, 24.08, 37.42
2025-01-31 18:32:05, 24.10, 37.57
2025-01-31 18:35:05, 24.11, 37.64
2025-01-31 18:38:05, 24.10, 38.09
2025-01-31 18:41:05, 24.11, 38.17
2025-01-31 18:44:05, 24.08, 38.13
2025-01-31 18:47:05, 24.10, 38.36
2025-01-31 18:50:05, 24.10, 38.43
2025-01-31 18:53:05, 24.08, 38.28
2025-01-31 18:56:05, 24.08, 38.29
2025-01-31 18:59:05, 24.08, 38.33
2025-01-31 19:02:05, 24.07, 38.46
2025-01-31 19:05:05, 24.08, 38.50
2025-01-31 19:08:05, 24.07, 38.73
2025-01-31 19:11:05, 24.05, 38.74
2025-01-31 19:14:05, 24.08, 38.78
2025-01-31 19:17:05, 24.08, 38.98
2025-01-31 19:20:05, 24.07, 39.03
2025-01-31 19:23:05, 24.08, 39.12
2025-01-31 19:26:05, 24.07, 39.17
2025-01-31 19:29:05, 24.08, 39.29
2025-01-31 19:32:05, 24.07, 39.32
2025-01-31 19:35:05, 24.08, 39.47
2025-01-31 19:38:05, 24.02, 39.78
2025-01-31 19:41:05, 23.93, 40.06
2025-01-31 19:44:05, 23.81, 40.13
2025-01-31 19:47:05, 23.74, 40.27
2025-01-31 19:50:05, 23.70, 40.40
2025-01-31 19:53:05, 23.71, 40.44
2025-01-31 19:56:05, 23.66, 40.60
2025-01-31 19:59:05, 23.63, 40.73
2025-01-31 20:02:05, 23.58, 40.89
2025-01-31 20:05:05, 23.56, 40.94
2025-01-31 20:08:05, 23.55, 40.99
2025-01-31 20:11:05, 23.50, 41.16
2025-01-31 20:14:05, 23.49, 41.15
2025-01-31 20:17:05, 23.50, 41.24
2025-01-31 20:20:05, 23.49, 41.31
2025-01-31 20:23:05, 23.45, 41.40
2025-01-31 20:26:05, 23.46, 41.44
2025-01-31 20:29:06, 23.48, 41.56
2025-01-31 20:32:05, 23.45, 41.49
2025-01-31 20:35:05, 23.42, 41.57
2025-01-31 20:38:05, 23.39, 41.61
2025-01-31 20:41:05, 23.33, 41.82
2025-01-31 20:44:05, 23.31, 41.84
2025-01-31 20:47:06, 23.31, 41.87
2025-01-31 20:50:05, 23.32, 41.93
2025-01-31 20:53:05, 23.31, 41.89
2025-01-31 20:56:05, 23.29, 42.01
2025-01-31 20:59:05, 23.26, 42.10
2025-01-31 21:02:05, 23.26, 42.06
2025-01-31 21:05:05, 23.28, 42.15
2025-01-31 21:08:05, 23.25, 42.22
2025-01-31 21:11:05, 23.19, 42.10
2025-01-31 21:14:05, 23.16, 42.07
2025-01-31 21:17:05, 23.16, 42.15
2025-01-31 21:20:05, 23.14, 42.22
2025-01-31 21:23:05, 23.12, 42.15
2025-01-31 21:26:05, 23.10, 42.21
2025-01-31 21:29:05, 23.07, 42.33
2025-01-31 21:32:05, 23.04, 42.33
2025-01-31 21:35:05, 23.03, 42.39
2025-01-31 21:38:05, 23.04, 42.37
2025-01-31 21:41:05, 23.07, 42.38
2025-01-31 21:44:05, 23.05, 42.42
2025-01-31 21:47:05, 23.05, 42.41
2025-01-31 21:50:05, 23.05, 42.55
2025-01-31 21:53:05, 23.05, 42.66
2025-01-31 21:56:05, 22.98, 42.75
2025-01-31 21:59:05, 22.98, 42.84
2025-01-31 22:02:05, 22.94, 42.88
2025-01-31 22:05:05, 22.91, 42.98
2025-01-31 22:08:05, 22.94, 42.84
2025-01-31 22:11:05, 22.96, 42.92
2025-01-31 22:14:05, 22.96, 42.92
2025-01-31 22:17:05, 22.91, 43.02
2025-01-31 22:20:05, 22.90, 43.11
2025-01-31 22:23:05, 22.84, 43.18
2025-01-31 22:26:05, 22.83, 43.28
2025-01-31 22:29:05, 22.84, 43.27
2025-01-31 22:32:05, 22.83, 43.29
2025-01-31 22:35:05, 22.83, 43.26
2025-01-31 22:38:05, 22.84, 43.29
2025-01-31 22:41:05, 22.88, 43.34
2025-01-31 22:44:05, 22.90, 43.23
2025-01-31 22:47:05, 22.98, 43.11
2025-01-31 22:50:05, 23.04, 43.02
2025-01-31 22:53:05, 23.07, 42.92
2025-01-31 22:56:05, 23.14, 42.86
2025-01-31 22:59:05, 23.14, 42.74
2025-01-31 23:02:05, 23.16, 42.74
2025-01-31 23:05:05, 23.19, 42.74
2025-01-31 23:08:05, 23.21, 42.66
2025-01-31 23:11:05, 23.22, 42.71
2025-01-31 23:14:05, 23.26, 42.75
2025-01-31 23:17:05, 23.29, 42.70
2025-01-31 23:20:05, 23.28, 42.57
2025-01-31 23:23:04, 23.32, 42.54
2025-01-31 23:26:04, 23.32, 42.56
2025-01-31 23:29:04, 23.32, 42.52
2025-01-31 23:32:04, 23.35, 42.56
2025-01-31 23:35:04, 23.33, 42.52
2025-01-31 23:38:04, 23.32, 42.55
2025-01-31 23:41:04, 23.33, 42.55
2025-01-31 23:44:04, 23.33, 42.53
2025-01-31 23:47:04, 23.35, 42.63
2025-01-31 23:50:04, 23.33, 42.64
2025-01-31 23:53:04, 23.33, 42.56
2025-01-31 23:56:04, 23.35, 42.68
2025-01-31 23:59:04, 23.35, 42.64
2025-02-01 00:02:05, 23.38, 42.57
2025-02-01 00:05:04, 23.42, 42.42
2025-02-01 00:08:04, 23.46, 42.27
2025-02-01 00:11:04, 23.48, 42.13
2025-02-01 00:14:04, 23.49, 42.02
2025-02-01 00:17:04, 23.53, 41.89
2025-02-01 00:20:04, 23.58, 41.82
2025-02-01 00:23:04, 23.58, 41.74
2025-02-01 00:26:04, 23.60, 41.64
2025-02-01 00:29:04, 23.62, 41.54
2025-02-01 00:32:04, 23.62, 41.49
2025-02-01 00:35:04, 23.67, 41.35
2025-02-01 00:38:04, 23.66, 41.34
2025-02-01 00:41:04, 23.66, 41.26
2025-02-01 00:44:04, 23.70, 41.22
2025-02-01 00:47:04, 23.70, 41.13
2025-02-01 00:50:04, 23.70, 41.13
